Property ID,Location,Property Type,Property Size (sqft),Purchase Price,Down Payment,Loan Amount,Interest Rate,Loan Term (Years)
PROP0001,City,Condo,1483,440000,88000.0,352000.0,0.017,16
PROP0002,Beach,House,2949,1116000,223200.0,892800.0,0.0217,18
PROP0003,City,House,3173,1344000,268800.0,1075200.0,0.0231,19
PROP0004,City,Condo,887,552000,110400.0,441600.0,0.0261,17
PROP0005,Beach,Apartment,723,620000,124000.0,496000.0,0.0226,19
PROP0006,Beach,Condo,1100,824000,164800.0,659200.0,0.021,19
PROP0007,City,Condo,1319,655000,131000.0,524000.0,0.0202,16
PROP0008,Beach,Condo,1712,830000,166000.0,664000.0,0.0231,17
PROP0009,City,Condo,1350,692000,138400.0,553600.0,0.0239,19
PROP0010,City,House,3901,681000,136200.0,544800.0,0.0152,17
PROP0011,City,Condo,1552,336000,67200.0,268800.0,0.0197,16
PROP0012,City,House,2490,1139000,227800.0,911200.0,0.0244,20
PROP0013,City,Apartment,516,452000,90400.0,361600.0,0.0298,17
PROP0014,City,House,3820,1304000,260800.0,1043200.0,0.0272,15
PROP0015,Beach,House,1836,1824000,364800.0,1459200.0,0.0245,18
PROP0016,Beach,House,3549,1113000,222600.0,890400.0,0.0212,17
PROP0017,Beach,Apartment,961,772000,154400.0,617600.0,0.0281,19
PROP0018,City,Condo,1528,538000,107600.0,430400.0,0.0183,17
PROP0019,Beach,Apartment,709,776000,155200.0,620800.0,0.0274,16
PROP0020,Beach,House,1810,1087000,217400.0,869600.0,0.028,19
PROP0021,Beach,House,2737,1831000,366200.0,1464800.0,0.0218,18
PROP0022,City,House,1515,1432000,286400.0,1145600.0,0.0274,18
PROP0023,City,Condo,1105,324000,64800.0,259200.0,0.0173,20
PROP0024,City,Apartment,760,657000,131400.0,525600.0,0.0299,17
PROP0025,City,Apartment,990,551000,110200.0,440800.0,0.0251,20
PROP0026,Beach,House,2818,1723000,344600.0,1378400.0,0.0163,20
PROP0027,Beach,House,2890,1083000,216600.0,866400.0,0.018,17
PROP0028,City,Apartment,1102,511000,102200.0,408800.0,0.0158,16
PROP0029,City,House,2902,674000,134800.0,539200.0,0.0166,18
PROP0030,City,House,3063,782000,156400.0,625600.0,0.0179,17
PROP0031,City,Apartment,677,764000,152800.0,611200.0,0.0287,17
PROP0032,City,Apartment,967,695000,139000.0,556000.0,0.0285,15
PROP0033,Beach,House,3136,946000,189200.0,756800.0,0.0246,20
PROP0034,Beach,Apartment,1404,1129000,225800.0,903200.0,0.0224,17
PROP0035,City,House,3955,1031000,206200.0,824800.0,0.0201,20
PROP0036,City,House,3713,1420000,284000.0,1136000.0,0.0161,15
PROP0037,Beach,House,2389,1250000,250000.0,1000000.0,0.0265,19
PROP0038,City,House,3406,657000,131400.0,525600.0,0.0288,19
PROP0039,Beach,Apartment,1256,1165000,233000.0,932000.0,0.0233,17
PROP0040,City,Apartment,975,655000,131000.0,524000.0,0.0238,15
PROP0041,City,House,3393,789000,157800.0,631200.0,0.017,19
PROP0042,Beach,House,2554,1078000,215600.0,862400.0,0.0229,17
PROP0043,Beach,Apartment,750,975000,195000.0,780000.0,0.0251,20
PROP0044,City,Apartment,1224,434000,86800.0,347200.0,0.0189,16
PROP0045,Beach,House,2186,1613000,322600.0,1290400.0,0.0263,15
PROP0046,City,Condo,975,443000,88600.0,354400.0,0.0164,19
PROP0047,Beach,Apartment,1250,859000,171800.0,687200.0,0.0171,16
PROP0048,City,House,1691,733000,146600.0,586400.0,0.0205,20
PROP0049,Beach,Apartment,1188,687000,137400.0,549600.0,0.0251,19
PROP0050,City,Apartment,1350,733000,146600.0,586400.0,0.0267,17
PROP0051,City,Apartment,1148,568000,113600.0,454400.0,0.0236,15
PROP0052,City,House,1633,950000,190000.0,760000.0,0.0277,19
PROP0053,City,Condo,1754,660000,132000.0,528000.0,0.0178,15
PROP0054,Beach,Apartment,1220,715000,143000.0,572000.0,0.021,19
PROP0055,Beach,Condo,1789,647000,129400.0,517600.0,0.0201,17
PROP0056,Beach,Condo,1630,681000,136200.0,544800.0,0.0208,18
PROP0057,Beach,House,1521,1612000,322400.0,1289600.0,0.0281,20
PROP0058,City,Apartment,629,441000,88200.0,352800.0,0.0276,20
PROP0059,City,Apartment,821,510000,102000.0,408000.0,0.0169,19
PROP0060,City,House,2257,807000,161400.0,645600.0,0.0161,18
PROP0061,City,Apartment,1464,555000,111000.0,444000.0,0.0262,20
PROP0062,City,Apartment,584,548000,109600.0,438400.0,0.0204,15
PROP0063,Beach,Apartment,648,997000,199400.0,797600.0,0.0229,15
PROP0064,City,House,3933,1185000,237000.0,948000.0,0.0238,18
PROP0065,City,House,3185,1159000,231800.0,927200.0,0.0237,17
PROP0066,City,Apartment,1098,427000,85400.0,341600.0,0.0279,18
PROP0067,City,House,2318,783000,156600.0,626400.0,0.0195,17
PROP0068,City,Apartment,561,600000,120000.0,480000.0,0.0177,20
PROP0069,City,Apartment,969,448000,89600.0,358400.0,0.016,19
PROP0070,City,House,2280,1171000,234200.0,936800.0,0.0282,16
PROP0071,Beach,House,3997,1245000,249000.0,996000.0,0.0273,16
PROP0072,Beach,Condo,1639,590000,118000.0,472000.0,0.0245,16
PROP0073,Beach,Condo,1067,741000,148200.0,592800.0,0.0267,15
PROP0074,City,Condo,1798,488000,97600.0,390400.0,0.0252,19
PROP0075,Beach,Apartment,1099,647000,129400.0,517600.0,0.0249,19
PROP0076,City,Apartment,1011,747000,149400.0,597600.0,0.0216,19
PROP0077,City,House,2535,1310000,262000.0,1048000.0,0.0273,20
PROP0078,Beach,Condo,1030,554000,110800.0,443200.0,0.0262,15
PROP0079,Beach,House,3828,1251000,250200.0,1000800.0,0.0189,20
PROP0080,Beach,Apartment,517,1059000,211800.0,847200.0,0.0222,17
PROP0081,City,Apartment,605,524000,104800.0,419200.0,0.0285,20
PROP0082,City,Apartment,829,420000,84000.0,336000.0,0.0266,16
PROP0083,Beach,Apartment,595,1117000,223400.0,893600.0,0.0188,15
PROP0084,Beach,House,1885,1147000,229400.0,917600.0,0.0183,18
PROP0085,City,Apartment,1252,516000,103200.0,412800.0,0.0234,16
PROP0086,Beach,House,3980,1979000,395800.0,1583200.0,0.0173,16
PROP0087,Beach,House,3302,1701000,340200.0,1360800.0,0.0296,17
PROP0088,City,Condo,1058,445000,89000.0,356000.0,0.0173,19
PROP0089,City,House,3887,1053000,210600.0,842400.0,0.0274,20
PROP0090,City,House,2077,858000,171600.0,686400.0,0.0175,20
PROP0091,Beach,Apartment,831,1064000,212800.0,851200.0,0.0282,15
PROP0092,City,Apartment,1278,630000,126000.0,504000.0,0.0291,16
PROP0093,City,Condo,873,585000,117000.0,468000.0,0.0268,15
PROP0094,Beach,House,2797,1903000,380600.0,1522400.0,0.0278,18
PROP0095,City,Apartment,891,689000,137800.0,551200.0,0.0157,19
PROP0096,City,Apartment,821,691000,138200.0,552800.0,0.0295,16
PROP0097,City,Apartment,988,493000,98600.0,394400.0,0.0225,18
PROP0098,City,Apartment,759,486000,97200.0,388800.0,0.0198,20
PROP0099,City,House,3258,655000,131000.0,524000.0,0.0291,17
PROP0100,City,Apartment,1331,515000,103000.0,412000.0,0.0215,15
PROP0101,Beach,Apartment,748,830000,166000.0,664000.0,0.0292,16
PROP0102,City,Condo,1545,500000,100000.0,400000.0,0.022,18
PROP0103,Beach,House,3916,851000,170200.0,680800.0,0.0189,20
PROP0104,City,House,3761,1191000,238200.0,952800.0,0.0268,16
PROP0105,Beach,Apartment,1355,656000,131200.0,524800.0,0.015,16
PROP0106,City,Condo,1945,336000,67200.0,268800.0,0.0233,15
PROP0107,City,House,1925,1142000,228400.0,913600.0,0.019,15
PROP0108,Beach,Apartment,1179,690000,138000.0,552000.0,0.0293,17
PROP0109,Beach,Apartment,813,624000,124800.0,499200.0,0.0225,20
PROP0110,Beach,House,3499,1560000,312000.0,1248000.0,0.0178,15
PROP0111,City,Apartment,1376,640000,128000.0,512000.0,0.0247,15
PROP0112,Beach,Apartment,1119,1172000,234400.0,937600.0,0.0178,17
PROP0113,Beach,Apartment,824,942000,188400.0,753600.0,0.0173,16
PROP0114,Beach,House,1893,980000,196000.0,784000.0,0.0197,17
PROP0115,City,Apartment,1311,434000,86800.0,347200.0,0.0267,17
PROP0116,City,Condo,957,647000,129400.0,517600.0,0.0238,19
PROP0117,Beach,House,1661,1173000,234600.0,938400.0,0.0286,19
PROP0118,City,House,1713,1054000,210800.0,843200.0,0.0272,16
PROP0119,City,Condo,827,526000,105200.0,420800.0,0.0177,18
PROP0120,City,Condo,1359,662000,132400.0,529600.0,0.0279,15
PROP0121,City,Apartment,1174,754000,150800.0,603200.0,0.0158,16
PROP0122,Beach,House,2307,1683000,336600.0,1346400.0,0.0211,16
PROP0123,City,Apartment,737,578000,115600.0,462400.0,0.0292,20
PROP0124,Beach,Condo,1280,654000,130800.0,523200.0,0.0295,17
PROP0125,City,House,3552,638000,127600.0,510400.0,0.021,20
PROP0126,Beach,Apartment,737,741000,148200.0,592800.0,0.0197,17
PROP0127,Beach,Apartment,1365,1036000,207200.0,828800.0,0.0181,20
PROP0128,Beach,Apartment,1336,1194000,238800.0,955200.0,0.027,19
PROP0129,City,Apartment,812,721000,144200.0,576800.0,0.0205,17
PROP0130,Beach,Condo,1634,660000,132000.0,528000.0,0.0223,16
PROP0131,City,Condo,1272,303000,60600.0,242400.0,0.027,16
PROP0132,City,Apartment,1185,599000,119800.0,479200.0,0.0206,17
PROP0133,City,Apartment,505,690000,138000.0,552000.0,0.0298,15
PROP0134,Beach,House,2716,1624000,324800.0,1299200.0,0.0222,19
PROP0135,Beach,Apartment,1004,1089000,217800.0,871200.0,0.0207,19
PROP0136,Beach,Condo,1445,797000,159400.0,637600.0,0.0174,18
PROP0137,Beach,Apartment,596,1063000,212600.0,850400.0,0.0189,15
PROP0138,Beach,Apartment,1143,666000,133200.0,532800.0,0.0299,20
PROP0139,City,Apartment,600,475000,95000.0,380000.0,0.0267,19
PROP0140,City,Apartment,996,773000,154600.0,618400.0,0.0291,15
PROP0141,Beach,Condo,1982,678000,135600.0,542400.0,0.0213,20
PROP0142,City,House,2105,1149000,229800.0,919200.0,0.0182,20
PROP0143,Beach,House,1870,1200000,240000.0,960000.0,0.0275,20
PROP0144,City,House,2991,879000,175800.0,703200.0,0.0158,17
PROP0145,Beach,Apartment,590,1144000,228800.0,915200.0,0.0298,17
PROP0146,City,House,3720,822000,164400.0,657600.0,0.0272,19
PROP0147,City,House,2941,1044000,208800.0,835200.0,0.0216,15
PROP0148,Beach,Apartment,1156,1174000,234800.0,939200.0,0.0295,20
PROP0149,City,Condo,1590,411000,82200.0,328800.0,0.0206,18
PROP0150,Beach,House,1751,1932000,386400.0,1545600.0,0.0154,19
PROP0151,City,Apartment,643,519000,103800.0,415200.0,0.0209,18
PROP0152,City,Apartment,1270,422000,84400.0,337600.0,0.0236,15
PROP0153,Beach,Apartment,955,663000,132600.0,530400.0,0.0274,19
PROP0154,City,House,2918,843000,168600.0,674400.0,0.0182,20
PROP0155,Beach,House,3878,1615000,323000.0,1292000.0,0.0161,16
PROP0156,City,House,2983,1417000,283400.0,1133600.0,0.0233,18
PROP0157,City,House,1989,1322000,264400.0,1057600.0,0.0221,16
PROP0158,Beach,House,3326,1145000,229000.0,916000.0,0.0231,16
PROP0159,City,Apartment,765,647000,129400.0,517600.0,0.0269,15
PROP0160,Beach,House,1884,1661000,332200.0,1328800.0,0.0195,17
PROP0161,City,Condo,1705,431000,86200.0,344800.0,0.0267,16
PROP0162,City,House,3760,1211000,242200.0,968800.0,0.0198,17
PROP0163,Beach,Apartment,1115,669000,133800.0,535200.0,0.0221,20
PROP0164,Beach,Apartment,974,675000,135000.0,540000.0,0.0182,15
PROP0165,Beach,Apartment,705,746000,149200.0,596800.0,0.0203,18
PROP0166,Beach,House,2884,1357000,271400.0,1085600.0,0.0176,15
PROP0167,Beach,Condo,1072,786000,157200.0,628800.0,0.0157,19
PROP0168,City,House,1830,1469000,293800.0,1175200.0,0.0164,19
PROP0169,City,House,3029,1365000,273000.0,1092000.0,0.026,15
PROP0170,Beach,House,2884,898000,179600.0,718400.0,0.0295,18
PROP0171,City,Apartment,564,604000,120800.0,483200.0,0.025,18
PROP0172,City,House,2622,1194000,238800.0,955200.0,0.0184,17
PROP0173,Beach,House,2057,1759000,351800.0,1407200.0,0.0266,16
PROP0174,Beach,Apartment,969,1179000,235800.0,943200.0,0.0267,16
PROP0175,Beach,Condo,1654,936000,187200.0,748800.0,0.0197,20
PROP0176,Beach,Condo,970,992000,198400.0,793600.0,0.0258,15
PROP0177,Beach,Condo,921,869000,173800.0,695200.0,0.0205,20
PROP0178,City,Apartment,1202,734000,146800.0,587200.0,0.0257,16
PROP0179,City,House,3849,924000,184800.0,739200.0,0.0201,20
PROP0180,Beach,House,3232,1736000,347200.0,1388800.0,0.0246,18
PROP0181,Beach,Apartment,1082,1130000,226000.0,904000.0,0.0264,15
PROP0182,City,Condo,1191,318000,63600.0,254400.0,0.0175,19
PROP0183,City,Condo,952,356000,71200.0,284800.0,0.0246,20
PROP0184,City,House,2971,1400000,280000.0,1120000.0,0.0277,19
PROP0185,City,Apartment,952,706000,141200.0,564800.0,0.0166,20
PROP0186,Beach,Apartment,1249,903000,180600.0,722400.0,0.0183,20
PROP0187,Beach,House,2934,1304000,260800.0,1043200.0,0.0179,18
PROP0188,Beach,House,2485,1883000,376600.0,1506400.0,0.0177,19
PROP0189,City,House,2901,876000,175200.0,700800.0,0.027,16
PROP0190,City,Apartment,997,532000,106400.0,425600.0,0.0179,15
PROP0191,Beach,House,2125,1811000,362200.0,1448800.0,0.0265,15
PROP0192,City,Condo,1911,416000,83200.0,332800.0,0.0233,18
PROP0193,City,Condo,1722,558000,111600.0,446400.0,0.027,15
PROP0194,City,Apartment,1186,709000,141800.0,567200.0,0.0168,19
PROP0195,Beach,Apartment,881,719000,143800.0,575200.0,0.0213,18
PROP0196,Beach,House,2439,1059000,211800.0,847200.0,0.0172,20
PROP0197,City,Apartment,1324,516000,103200.0,412800.0,0.024,19
PROP0198,City,House,2475,652000,130400.0,521600.0,0.0235,16
PROP0199,City,Apartment,1383,543000,108600.0,434400.0,0.0223,16
PROP0200,Beach,House,3874,1676000,335200.0,1340800.0,0.0161,19
PROP0201,City,Condo,1586,355000,71000.0,284000.0,0.0175,17
PROP0202,City,House,2302,1428000,285600.0,1142400.0,0.0157,16
PROP0203,Beach,House,2884,1766000,353200.0,1412800.0,0.0156,15
PROP0204,Beach,Apartment,1201,800000,160000.0,640000.0,0.0159,17
PROP0205,City,Apartment,1318,442000,88400.0,353600.0,0.0214,17
PROP0206,Beach,Apartment,1285,925000,185000.0,740000.0,0.0201,17
PROP0207,Beach,Condo,1469,890000,178000.0,712000.0,0.0272,18
PROP0208,Beach,Apartment,1118,818000,163600.0,654400.0,0.0163,16
PROP0209,City,House,3290,809000,161800.0,647200.0,0.0162,17
PROP0210,Beach,House,2404,1418000,283600.0,1134400.0,0.0299,15
PROP0211,Beach,Apartment,655,993000,198600.0,794400.0,0.0214,20
PROP0212,Beach,Condo,1918,904000,180800.0,723200.0,0.0239,18
PROP0213,Beach,Apartment,515,1033000,206600.0,826400.0,0.0226,18
PROP0214,City,Condo,1330,678000,135600.0,542400.0,0.0273,16
PROP0215,Beach,Condo,1889,944000,188800.0,755200.0,0.0282,18
PROP0216,City,House,3549,1385000,277000.0,1108000.0,0.0165,15
PROP0217,Beach,Condo,1625,772000,154400.0,617600.0,0.0163,18
PROP0218,City,Condo,1029,601000,120200.0,480800.0,0.0153,18
PROP0219,City,Condo,1897,587000,117400.0,469600.0,0.0251,16
PROP0220,Beach,Condo,1984,978000,195600.0,782400.0,0.0269,16
PROP0221,City,Condo,1566,492000,98400.0,393600.0,0.0266,15
PROP0222,City,Apartment,514,426000,85200.0,340800.0,0.0226,17
PROP0223,Beach,House,2938,1133000,226600.0,906400.0,0.0178,20
PROP0224,City,Apartment,1496,770000,154000.0,616000.0,0.0227,18
PROP0225,Beach,House,2526,1416000,283200.0,1132800.0,0.0176,20
PROP0226,City,House,3936,1396000,279200.0,1116800.0,0.0251,18
PROP0227,Beach,House,2999,1348000,269600.0,1078400.0,0.0244,17
PROP0228,Beach,Condo,1387,826000,165200.0,660800.0,0.0284,20
PROP0229,City,House,1613,1141000,228200.0,912800.0,0.0244,20
PROP0230,Beach,Condo,1933,505000,101000.0,404000.0,0.0287,15
PROP0231,Beach,Apartment,1171,1025000,205000.0,820000.0,0.0154,15
PROP0232,Beach,Condo,1103,721000,144200.0,576800.0,0.0247,16
PROP0233,City,House,1672,637000,127400.0,509600.0,0.0238,15
PROP0234,Beach,Apartment,1054,909000,181800.0,727200.0,0.0251,17
PROP0235,Beach,Apartment,1008,910000,182000.0,728000.0,0.028,20
PROP0236,City,Condo,940,427000,85400.0,341600.0,0.0282,19
PROP0237,Beach,Condo,1003,923000,184600.0,738400.0,0.0168,18
PROP0238,City,House,1605,1045000,209000.0,836000.0,0.0264,20
PROP0239,City,House,2072,1371000,274200.0,1096800.0,0.0262,20
PROP0240,City,Apartment,554,537000,107400.0,429600.0,0.018,20
PROP0241,Beach,Apartment,1044,1058000,211600.0,846400.0,0.0298,17
PROP0242,Beach,Apartment,726,692000,138400.0,553600.0,0.0266,16
PROP0243,Beach,House,3205,1641000,328200.0,1312800.0,0.0201,16
PROP0244,Beach,House,3572,1608000,321600.0,1286400.0,0.0217,20
PROP0245,City,Apartment,778,680000,136000.0,544000.0,0.018,16
PROP0246,City,House,3725,827000,165400.0,661600.0,0.0293,17
PROP0247,City,Apartment,1416,543000,108600.0,434400.0,0.0257,20
PROP0248,City,Apartment,788,601000,120200.0,480800.0,0.021,18
PROP0249,City,Condo,1338,666000,133200.0,532800.0,0.0249,19
PROP0250,Beach,House,3969,1785000,357000.0,1428000.0,0.0167,15
PROP0251,City,Apartment,1347,772000,154400.0,617600.0,0.0296,15
PROP0252,Beach,Condo,1540,736000,147200.0,588800.0,0.016,19
PROP0253,City,Apartment,992,776000,155200.0,620800.0,0.0195,20
PROP0254,City,House,3993,1165000,233000.0,932000.0,0.0177,17
PROP0255,Beach,Apartment,1106,620000,124000.0,496000.0,0.0246,18
PROP0256,City,House,3836,1324000,264800.0,1059200.0,0.0248,19
PROP0257,City,Apartment,518,604000,120800.0,483200.0,0.0211,17
PROP0258,City,Apartment,1243,667000,133400.0,533600.0,0.0203,15
PROP0259,Beach,House,3840,1302000,260400.0,1041600.0,0.0269,18
PROP0260,Beach,House,2139,1317000,263400.0,1053600.0,0.0294,18
PROP0261,City,House,3859,1415000,283000.0,1132000.0,0.0251,17
PROP0262,Beach,Condo,941,994000,198800.0,795200.0,0.0231,15
PROP0263,Beach,House,2440,1498000,299600.0,1198400.0,0.026,15
PROP0264,City,House,2873,746000,149200.0,596800.0,0.0165,15
PROP0265,Beach,House,2156,1811000,362200.0,1448800.0,0.0155,18
PROP0266,City,Condo,846,673000,134600.0,538400.0,0.0262,18
PROP0267,City,House,3619,822000,164400.0,657600.0,0.0152,19
PROP0268,Beach,Apartment,1438,1057000,211400.0,845600.0,0.0295,16
PROP0269,City,House,3669,1216000,243200.0,972800.0,0.0216,17
PROP0270,Beach,House,2814,999000,199800.0,799200.0,0.0272,17
PROP0271,City,House,3282,953000,190600.0,762400.0,0.0212,15
PROP0272,Beach,House,3371,1164000,232800.0,931200.0,0.0269,18
PROP0273,City,House,3445,987000,197400.0,789600.0,0.0214,20
PROP0274,Beach,Apartment,1306,1184000,236800.0,947200.0,0.0232,16
PROP0275,City,House,3812,1190000,238000.0,952000.0,0.0263,18
PROP0276,Beach,House,2386,951000,190200.0,760800.0,0.0288,19
PROP0277,City,Apartment,1113,768000,153600.0,614400.0,0.0173,17
PROP0278,Beach,House,2928,1218000,243600.0,974400.0,0.0274,17
PROP0279,Beach,House,1930,985000,197000.0,788000.0,0.015,17
PROP0280,City,Apartment,513,493000,98600.0,394400.0,0.0251,20
PROP0281,Beach,Apartment,748,772000,154400.0,617600.0,0.0153,15
PROP0282,City,Apartment,955,427000,85400.0,341600.0,0.0242,19
PROP0283,City,Apartment,616,437000,87400.0,349600.0,0.0234,20
PROP0284,Beach,House,2408,1048000,209600.0,838400.0,0.0197,15
PROP0285,City,Apartment,1142,590000,118000.0,472000.0,0.0249,15
PROP0286,City,House,3083,743000,148600.0,594400.0,0.0198,19
PROP0287,City,House,2157,824000,164800.0,659200.0,0.0234,19
PROP0288,Beach,Apartment,593,1027000,205400.0,821600.0,0.0195,18
PROP0289,Beach,Condo,1095,550000,110000.0,440000.0,0.0164,17
PROP0290,Beach,Apartment,899,741000,148200.0,592800.0,0.0267,20
PROP0291,City,Apartment,760,799000,159800.0,639200.0,0.0234,20
PROP0292,Beach,House,2452,1104000,220800.0,883200.0,0.0295,15
PROP0293,Beach,Apartment,1361,969000,193800.0,775200.0,0.0273,16
PROP0294,City,Apartment,1439,616000,123200.0,492800.0,0.0222,16
PROP0295,City,Apartment,1419,769000,153800.0,615200.0,0.0153,18
PROP0296,City,House,3762,1188000,237600.0,950400.0,0.03,18
PROP0297,Beach,House,3033,1790000,358000.0,1432000.0,0.0257,17
PROP0298,City,House,2074,1313000,262600.0,1050400.0,0.017,19
PROP0299,Beach,Apartment,793,998000,199600.0,798400.0,0.0164,19
PROP0300,Beach,House,1760,1008000,201600.0,806400.0,0.0213,16
PROP0301,Beach,Condo,1458,646000,129200.0,516800.0,0.0263,17
PROP0302,Beach,Apartment,636,1158000,231600.0,926400.0,0.0276,15
PROP0303,City,House,2032,1196000,239200.0,956800.0,0.0258,18
PROP0304,Beach,House,3191,1186000,237200.0,948800.0,0.0185,15
PROP0305,Beach,Apartment,586,721000,144200.0,576800.0,0.0266,15
PROP0306,City,Apartment,553,525000,105000.0,420000.0,0.0237,15
PROP0307,City,Apartment,605,572000,114400.0,457600.0,0.0285,16
PROP0308,City,Condo,979,557000,111400.0,445600.0,0.0207,17
PROP0309,Beach,Condo,1357,602000,120400.0,481600.0,0.0164,19
PROP0310,City,Condo,1965,592000,118400.0,473600.0,0.0287,19
PROP0311,City,Apartment,790,526000,105200.0,420800.0,0.0281,16
PROP0312,City,Condo,1698,324000,64800.0,259200.0,0.0217,17
PROP0313,Beach,House,2130,1107000,221400.0,885600.0,0.0279,16
PROP0314,Beach,Apartment,692,784000,156800.0,627200.0,0.0223,18
PROP0315,Beach,Apartment,1045,751000,150200.0,600800.0,0.0276,16
PROP0316,Beach,Apartment,1457,880000,176000.0,704000.0,0.0279,15
PROP0317,City,Apartment,1169,739000,147800.0,591200.0,0.0252,15
PROP0318,Beach,Apartment,558,958000,191600.0,766400.0,0.0178,19
PROP0319,Beach,Condo,1756,539000,107800.0,431200.0,0.0286,18
PROP0320,City,House,3446,770000,154000.0,616000.0,0.0288,20
PROP0321,Beach,Condo,1129,920000,184000.0,736000.0,0.0257,19
PROP0322,Beach,Condo,1676,523000,104600.0,418400.0,0.0172,15
PROP0323,Beach,House,2356,1139000,227800.0,911200.0,0.0218,17
PROP0324,Beach,House,2245,859000,171800.0,687200.0,0.0156,17
PROP0325,City,Apartment,540,746000,149200.0,596800.0,0.0182,18
PROP0326,City,Condo,1930,472000,94400.0,377600.0,0.0262,16
PROP0327,City,House,2264,679000,135800.0,543200.0,0.0203,17
PROP0328,City,Apartment,1200,767000,153400.0,613600.0,0.0163,17
PROP0329,City,Condo,1430,436000,87200.0,348800.0,0.0246,17
PROP0330,Beach,Apartment,729,855000,171000.0,684000.0,0.0287,16
PROP0331,Beach,Apartment,894,602000,120400.0,481600.0,0.0209,16
PROP0332,City,House,1691,1231000,246200.0,984800.0,0.0242,19
PROP0333,Beach,Apartment,1339,614000,122800.0,491200.0,0.0199,18
PROP0334,City,Apartment,873,537000,107400.0,429600.0,0.0167,18
PROP0335,City,House,1670,851000,170200.0,680800.0,0.0259,16
PROP0336,Beach,House,3498,1904000,380800.0,1523200.0,0.0298,20
PROP0337,Beach,House,2243,1386000,277200.0,1108800.0,0.0186,16
PROP0338,Beach,House,3607,1537000,307400.0,1229600.0,0.0183,19
PROP0339,Beach,House,2919,1918000,383600.0,1534400.0,0.0185,17
PROP0340,Beach,Apartment,713,1189000,237800.0,951200.0,0.0225,19
PROP0341,Beach,Apartment,653,1184000,236800.0,947200.0,0.0157,20
PROP0342,City,Apartment,1369,484000,96800.0,387200.0,0.0168,17
PROP0343,City,Apartment,997,436000,87200.0,348800.0,0.0263,20
PROP0344,City,Apartment,1272,689000,137800.0,551200.0,0.0242,18
PROP0345,City,Condo,1174,379000,75800.0,303200.0,0.0242,19
PROP0346,Beach,Apartment,1400,1114000,222800.0,891200.0,0.0159,16
PROP0347,Beach,Apartment,827,715000,143000.0,572000.0,0.0244,15
PROP0348,City,Apartment,516,647000,129400.0,517600.0,0.019,16
PROP0349,City,Condo,1688,540000,108000.0,432000.0,0.0293,18
PROP0350,Beach,Condo,1796,516000,103200.0,412800.0,0.0152,15
PROP0351,City,Apartment,1445,499000,99800.0,399200.0,0.0253,18
PROP0352,Beach,Apartment,1081,752000,150400.0,601600.0,0.0284,15
PROP0353,Beach,House,3258,1468000,293600.0,1174400.0,0.0186,20
PROP0354,City,House,3709,944000,188800.0,755200.0,0.02,17
PROP0355,Beach,House,3067,1573000,314600.0,1258400.0,0.0235,16
PROP0356,Beach,Apartment,1261,924000,184800.0,739200.0,0.0237,15
PROP0357,City,Condo,839,357000,71400.0,285600.0,0.0183,17
PROP0358,City,House,3600,931000,186200.0,744800.0,0.0206,19
PROP0359,Beach,Apartment,638,875000,175000.0,700000.0,0.025,20
PROP0360,City,Apartment,636,405000,81000.0,324000.0,0.024,16
PROP0361,City,House,3205,815000,163000.0,652000.0,0.0227,19
PROP0362,City,House,3522,1105000,221000.0,884000.0,0.0218,18
PROP0363,Beach,Apartment,621,1039000,207800.0,831200.0,0.0192,18
PROP0364,City,Apartment,979,653000,130600.0,522400.0,0.0234,18
PROP0365,City,House,2691,810000,162000.0,648000.0,0.0209,20
PROP0366,City,Apartment,1174,417000,83400.0,333600.0,0.0233,16
PROP0367,Beach,Apartment,854,794000,158800.0,635200.0,0.0286,18
PROP0368,Beach,Apartment,1484,1159000,231800.0,927200.0,0.0185,20
PROP0369,Beach,House,3664,1426000,285200.0,1140800.0,0.0285,17
PROP0370,Beach,House,1555,987000,197400.0,789600.0,0.0248,17
PROP0371,Beach,House,3900,1931000,386200.0,1544800.0,0.0203,17
PROP0372,Beach,Condo,1157,618000,123600.0,494400.0,0.0255,16
PROP0373,Beach,Apartment,633,1113000,222600.0,890400.0,0.0274,15
PROP0374,City,House,2337,1000000,200000.0,800000.0,0.03,15
PROP0375,City,Apartment,1438,722000,144400.0,577600.0,0.0196,20
PROP0376,Beach,Apartment,990,622000,124400.0,497600.0,0.0183,16
PROP0377,City,Apartment,726,776000,155200.0,620800.0,0.0156,19
PROP0378,City,Apartment,876,654000,130800.0,523200.0,0.0222,20
PROP0379,Beach,House,2281,1486000,297200.0,1188800.0,0.0249,15
PROP0380,Beach,Apartment,704,944000,188800.0,755200.0,0.0162,15
PROP0381,City,House,1866,946000,189200.0,756800.0,0.0275,20
PROP0382,Beach,Apartment,563,998000,199600.0,798400.0,0.0167,18
PROP0383,City,House,3904,622000,124400.0,497600.0,0.0272,18
PROP0384,City,Apartment,627,697000,139400.0,557600.0,0.0216,19
PROP0385,Beach,Condo,1819,761000,152200.0,608800.0,0.0152,15
PROP0386,City,Condo,1853,381000,76200.0,304800.0,0.0206,16
PROP0387,Beach,Apartment,1011,1042000,208400.0,833600.0,0.0286,17
PROP0388,Beach,House,2631,1508000,301600.0,1206400.0,0.0253,19
PROP0389,Beach,Condo,892,695000,139000.0,556000.0,0.0155,16
PROP0390,Beach,Condo,1552,597000,119400.0,477600.0,0.0214,17
PROP0391,Beach,Condo,1648,645000,129000.0,516000.0,0.0189,20
PROP0392,City,House,1664,1060000,212000.0,848000.0,0.0183,20
PROP0393,City,House,2772,1303000,260600.0,1042400.0,0.0283,15
PROP0394,Beach,Apartment,1149,1113000,222600.0,890400.0,0.0271,20
PROP0395,Beach,Condo,1689,626000,125200.0,500800.0,0.0153,20
PROP0396,Beach,House,3695,1345000,269000.0,1076000.0,0.0201,17
PROP0397,City,House,3132,616000,123200.0,492800.0,0.0261,20
PROP0398,Beach,Apartment,707,786000,157200.0,628800.0,0.0265,20
PROP0399,City,Apartment,1431,465000,93000.0,372000.0,0.0223,15
PROP0400,City,Apartment,695,545000,109000.0,436000.0,0.0178,16
PROP0401,Beach,House,1646,1205000,241000.0,964000.0,0.0246,15
PROP0402,Beach,Apartment,1497,1086000,217200.0,868800.0,0.0252,15
PROP0403,Beach,House,2588,1667000,333400.0,1333600.0,0.0259,16
PROP0404,City,Condo,1930,387000,77400.0,309600.0,0.0158,15
PROP0405,Beach,House,2592,1376000,275200.0,1100800.0,0.0193,19
PROP0406,City,House,3634,809000,161800.0,647200.0,0.0248,20
PROP0407,City,Apartment,887,448000,89600.0,358400.0,0.0215,18
PROP0408,City,Apartment,1415,643000,128600.0,514400.0,0.0158,20
PROP0409,City,Condo,1571,491000,98200.0,392800.0,0.0179,15
PROP0410,City,House,1731,953000,190600.0,762400.0,0.015,15
PROP0411,City,House,3152,1421000,284200.0,1136800.0,0.0156,19
PROP0412,Beach,House,2783,1680000,336000.0,1344000.0,0.019,19
PROP0413,Beach,Condo,1729,701000,140200.0,560800.0,0.0259,15
PROP0414,Beach,House,1790,1056000,211200.0,844800.0,0.0201,20
PROP0415,City,House,2869,826000,165200.0,660800.0,0.0295,20
PROP0416,City,House,3219,1180000,236000.0,944000.0,0.0209,15
PROP0417,Beach,Condo,1948,552000,110400.0,441600.0,0.0167,15
PROP0418,City,House,3641,1176000,235200.0,940800.0,0.0203,17
PROP0419,City,Apartment,1141,538000,107600.0,430400.0,0.0292,15
PROP0420,Beach,House,3517,1056000,211200.0,844800.0,0.0175,18
PROP0421,Beach,House,2610,1163000,232600.0,930400.0,0.0268,15
PROP0422,Beach,Apartment,960,876000,175200.0,700800.0,0.0271,15
PROP0423,Beach,Apartment,810,928000,185600.0,742400.0,0.0235,15
PROP0424,Beach,House,2428,1840000,368000.0,1472000.0,0.0246,19
PROP0425,Beach,House,3930,1600000,320000.0,1280000.0,0.0174,15
PROP0426,City,House,2562,908000,181600.0,726400.0,0.0253,20
PROP0427,City,House,2560,1280000,256000.0,1024000.0,0.0265,15
PROP0428,City,House,1560,1204000,240800.0,963200.0,0.0248,19
PROP0429,City,Condo,1384,329000,65800.0,263200.0,0.0299,18
PROP0430,Beach,House,2795,1289000,257800.0,1031200.0,0.0178,15
PROP0431,City,Apartment,603,793000,158600.0,634400.0,0.0265,16
PROP0432,Beach,Apartment,693,932000,186400.0,745600.0,0.0268,16
PROP0433,Beach,Apartment,991,1119000,223800.0,895200.0,0.0174,18
PROP0434,City,Condo,870,556000,111200.0,444800.0,0.0287,20
PROP0435,City,Apartment,911,447000,89400.0,357600.0,0.0255,20
PROP0436,Beach,Apartment,903,1075000,215000.0,860000.0,0.019,20
PROP0437,Beach,Apartment,1297,801000,160200.0,640800.0,0.0181,17
PROP0438,Beach,Apartment,1292,707000,141400.0,565600.0,0.0247,17
PROP0439,City,House,3582,924000,184800.0,739200.0,0.0214,18
PROP0440,Beach,House,1844,1196000,239200.0,956800.0,0.0207,15
PROP0441,City,Apartment,787,524000,104800.0,419200.0,0.0269,19
PROP0442,City,House,2438,1259000,251800.0,1007200.0,0.022,20
PROP0443,City,House,1794,1155000,231000.0,924000.0,0.0299,15
PROP0444,Beach,House,1815,1193000,238600.0,954400.0,0.0184,17
PROP0445,City,Apartment,1216,729000,145800.0,583200.0,0.0176,18
PROP0446,City,Apartment,685,461000,92200.0,368800.0,0.0291,15
PROP0447,City,House,1694,1082000,216400.0,865600.0,0.0295,20
PROP0448,Beach,House,3863,1311000,262200.0,1048800.0,0.0291,17
PROP0449,Beach,Condo,1584,787000,157400.0,629600.0,0.0214,18
PROP0450,City,Apartment,1208,581000,116200.0,464800.0,0.0221,20
PROP0451,City,House,2189,981000,196200.0,784800.0,0.0217,19
PROP0452,City,House,3707,972000,194400.0,777600.0,0.0256,16
PROP0453,Beach,Apartment,965,698000,139600.0,558400.0,0.0199,17
PROP0454,Beach,Condo,829,918000,183600.0,734400.0,0.0289,18
PROP0455,City,Apartment,1051,554000,110800.0,443200.0,0.0276,20
PROP0456,Beach,Condo,1848,743000,148600.0,594400.0,0.0182,16
PROP0457,City,House,1917,1337000,267400.0,1069600.0,0.0199,16
PROP0458,Beach,Apartment,734,1122000,224400.0,897600.0,0.022,20
PROP0459,Beach,House,3390,938000,187600.0,750400.0,0.0227,17
PROP0460,Beach,Apartment,1416,1171000,234200.0,936800.0,0.0164,18
PROP0461,Beach,Apartment,769,731000,146200.0,584800.0,0.029,18
PROP0462,Beach,House,2471,835000,167000.0,668000.0,0.0297,17
PROP0463,Beach,House,2524,1411000,282200.0,1128800.0,0.018,20
PROP0464,Beach,House,2363,864000,172800.0,691200.0,0.0249,15
PROP0465,Beach,Apartment,773,643000,128600.0,514400.0,0.0248,17
PROP0466,City,Apartment,1007,627000,125400.0,501600.0,0.0204,18
PROP0467,Beach,Apartment,1340,1014000,202800.0,811200.0,0.0262,19
PROP0468,Beach,Apartment,1199,958000,191600.0,766400.0,0.0211,16
PROP0469,Beach,House,3348,1590000,318000.0,1272000.0,0.0166,15
PROP0470,City,Condo,942,577000,115400.0,461600.0,0.0203,19
PROP0471,City,Apartment,795,794000,158800.0,635200.0,0.0163,16
PROP0472,City,Apartment,1384,776000,155200.0,620800.0,0.027,18
PROP0473,Beach,House,2830,1925000,385000.0,1540000.0,0.0226,15
PROP0474,City,Apartment,1040,640000,128000.0,512000.0,0.0223,15
PROP0475,Beach,Apartment,547,1128000,225600.0,902400.0,0.0195,17
PROP0476,City,Condo,1807,482000,96400.0,385600.0,0.0186,17
PROP0477,Beach,Condo,1775,556000,111200.0,444800.0,0.0161,17
PROP0478,City,House,2625,1291000,258200.0,1032800.0,0.028,16
PROP0479,Beach,Apartment,1193,960000,192000.0,768000.0,0.0155,16
PROP0480,Beach,Apartment,1407,853000,170600.0,682400.0,0.0293,17
PROP0481,City,Apartment,605,558000,111600.0,446400.0,0.0296,16
PROP0482,City,Condo,1395,407000,81400.0,325600.0,0.0156,16
PROP0483,Beach,Apartment,1156,766000,153200.0,612800.0,0.0279,16
PROP0484,City,Apartment,736,752000,150400.0,601600.0,0.0253,18
PROP0485,Beach,Condo,1477,851000,170200.0,680800.0,0.025,15
PROP0486,City,House,2583,823000,164600.0,658400.0,0.0285,16
PROP0487,Beach,Apartment,1483,1045000,209000.0,836000.0,0.0249,15
PROP0488,Beach,House,2296,1661000,332200.0,1328800.0,0.0162,17
PROP0489,City,Apartment,1266,535000,107000.0,428000.0,0.0221,15
PROP0490,Beach,Apartment,957,1051000,210200.0,840800.0,0.0208,17
PROP0491,Beach,Condo,1637,998000,199600.0,798400.0,0.0273,19
PROP0492,City,Apartment,1316,559000,111800.0,447200.0,0.0284,18
PROP0493,Beach,House,3965,1452000,290400.0,1161600.0,0.0285,16
PROP0494,City,Apartment,1481,517000,103400.0,413600.0,0.0197,18
PROP0495,Beach,House,2470,968000,193600.0,774400.0,0.0183,17
PROP0496,Beach,House,3097,977000,195400.0,781600.0,0.0186,15
PROP0497,City,Condo,1488,489000,97800.0,391200.0,0.022,18
PROP0498,Beach,House,1916,815000,163000.0,652000.0,0.0206,20
PROP0499,Beach,House,2028,1282000,256400.0,1025600.0,0.0217,17
PROP0500,City,House,3631,1366000,273200.0,1092800.0,0.0249,19
PROP0501,Countryside,Apartment,1006,343000,68600.0,274400.0,0.0174,20
PROP0502,Mountain,Condo,1713,356000,71200.0,284800.0,0.0185,15
PROP0503,Mountain,Apartment,823,530000,106000.0,424000.0,0.0234,18
PROP0504,Mountain,Apartment,1362,354000,70800.0,283200.0,0.0168,15
PROP0505,Countryside,Apartment,1305,300000,60000.0,240000.0,0.0275,19
PROP0506,Countryside,Apartment,1071,343000,68600.0,274400.0,0.0255,18
PROP0507,Countryside,House,1724,504000,100800.0,403200.0,0.0196,20
PROP0508,Countryside,Apartment,1371,209000,41800.0,167200.0,0.0289,19
PROP0509,Mountain,Condo,1514,212000,42400.0,169600.0,0.0286,20
PROP0510,Countryside,Condo,1204,266000,53200.0,212800.0,0.0209,15
PROP0511,Countryside,House,2559,321000,64200.0,256800.0,0.015,16
PROP0512,Mountain,House,2287,822000,164400.0,657600.0,0.0246,15
PROP0513,Countryside,Condo,1580,280000,56000.0,224000.0,0.0212,16
PROP0514,Countryside,Apartment,1024,392000,78400.0,313600.0,0.018,18
PROP0515,Countryside,House,1612,769000,153800.0,615200.0,0.0293,19
PROP0516,Countryside,Condo,1932,214000,42800.0,171200.0,0.0249,15
PROP0517,Mountain,Condo,1745,283000,56600.0,226400.0,0.0222,18
PROP0518,Mountain,House,3045,678000,135600.0,542400.0,0.021,17
PROP0519,Mountain,House,1929,689000,137800.0,551200.0,0.0189,15
PROP0520,Countryside,House,1575,304000,60800.0,243200.0,0.0166,19
PROP0521,Countryside,Apartment,850,346000,69200.0,276800.0,0.0262,17
PROP0522,Mountain,Apartment,1313,339000,67800.0,271200.0,0.0235,16
PROP0523,Countryside,Condo,844,175000,35000.0,140000.0,0.0295,16
PROP0524,Countryside,Apartment,543,251000,50200.0,200800.0,0.0195,17
PROP0525,Mountain,Apartment,639,307000,61400.0,245600.0,0.0277,18
PROP0526,Mountain,Apartment,1421,467000,93400.0,373600.0,0.0172,15
PROP0527,Mountain,House,2110,552000,110400.0,441600.0,0.0152,20
PROP0528,Mountain,Apartment,753,387000,77400.0,309600.0,0.0299,16
PROP0529,Countryside,House,3462,462000,92400.0,369600.0,0.0249,16
PROP0530,Mountain,House,2674,543000,108600.0,434400.0,0.0207,15
PROP0531,Countryside,House,2530,357000,71400.0,285600.0,0.0242,20
PROP0532,Countryside,House,2499,517000,103400.0,413600.0,0.0269,17
PROP0533,Mountain,Condo,1624,360000,72000.0,288000.0,0.0189,15
PROP0534,Countryside,Apartment,1285,251000,50200.0,200800.0,0.0233,17
PROP0535,Mountain,Condo,1659,442000,88400.0,353600.0,0.0285,18
PROP0536,Mountain,House,3876,951000,190200.0,760800.0,0.0231,16
PROP0537,Mountain,Apartment,995,362000,72400.0,289600.0,0.018,18
PROP0538,Countryside,Apartment,1067,372000,74400.0,297600.0,0.0158,16
PROP0539,Countryside,Apartment,921,249000,49800.0,199200.0,0.0257,15
PROP0540,Mountain,House,1606,572000,114400.0,457600.0,0.0265,20
PROP0541,Mountain,Apartment,1121,567000,113400.0,453600.0,0.0256,15
PROP0542,Mountain,Apartment,506,555000,111000.0,444000.0,0.017,20
PROP0543,Mountain,House,2235,686000,137200.0,548800.0,0.0233,19
PROP0544,Mountain,House,2905,819000,163800.0,655200.0,0.0217,18
PROP0545,Countryside,Apartment,978,313000,62600.0,250400.0,0.0213,20
PROP0546,Countryside,Condo,1761,162000,32400.0,129600.0,0.0272,16
PROP0547,Countryside,House,3317,569000,113800.0,455200.0,0.0174,17
PROP0548,Countryside,Apartment,1201,285000,57000.0,228000.0,0.0176,18
PROP0549,Countryside,Condo,1426,248000,49600.0,198400.0,0.0183,19
PROP0550,Countryside,Apartment,907,247000,49400.0,197600.0,0.0267,20
PROP0551,Mountain,House,3174,680000,136000.0,544000.0,0.0252,15
PROP0552,Countryside,Condo,1445,207000,41400.0,165600.0,0.0188,16
PROP0553,Countryside,Apartment,587,221000,44200.0,176800.0,0.0163,18
PROP0554,Mountain,Apartment,564,461000,92200.0,368800.0,0.0202,15
PROP0555,Countryside,House,3379,581000,116200.0,464800.0,0.025,17
PROP0556,Mountain,Condo,1659,420000,84000.0,336000.0,0.018,18
PROP0557,Mountain,Condo,1746,457000,91400.0,365600.0,0.0159,18
PROP0558,Mountain,House,2646,989000,197800.0,791200.0,0.022,19
PROP0559,Countryside,House,2575,331000,66200.0,264800.0,0.0186,15
PROP0560,Countryside,Apartment,1318,218000,43600.0,174400.0,0.0216,20
PROP0561,Countryside,Apartment,784,344000,68800.0,275200.0,0.0192,18
PROP0562,Countryside,Apartment,693,345000,69000.0,276000.0,0.0152,15
PROP0563,Mountain,House,1845,855000,171000.0,684000.0,0.0203,17
PROP0564,Countryside,House,1646,430000,86000.0,344000.0,0.0152,15
PROP0565,Countryside,House,2424,347000,69400.0,277600.0,0.0189,18
PROP0566,Countryside,Apartment,516,249000,49800.0,199200.0,0.0177,16
PROP0567,Mountain,Condo,1136,271000,54200.0,216800.0,0.0189,16
PROP0568,Countryside,House,3806,317000,63400.0,253600.0,0.0234,19
PROP0569,Mountain,House,2444,427000,85400.0,341600.0,0.0202,20
PROP0570,Mountain,House,3867,409000,81800.0,327200.0,0.0212,19
PROP0571,Countryside,Apartment,840,248000,49600.0,198400.0,0.0185,17
PROP0572,Mountain,Condo,1602,336000,67200.0,268800.0,0.0188,19
PROP0573,Countryside,Apartment,559,326000,65200.0,260800.0,0.029,15
PROP0574,Mountain,House,2764,911000,182200.0,728800.0,0.0154,20
PROP0575,Mountain,House,3531,858000,171600.0,686400.0,0.0158,15
PROP0576,Mountain,Apartment,1056,439000,87800.0,351200.0,0.0285,20
PROP0577,Countryside,Apartment,669,337000,67400.0,269600.0,0.027,15
PROP0578,Countryside,Apartment,615,360000,72000.0,288000.0,0.0194,19
PROP0579,Countryside,House,3192,639000,127800.0,511200.0,0.0156,20
PROP0580,Countryside,House,3187,565000,113000.0,452000.0,0.0267,15
PROP0581,Countryside,Apartment,1077,228000,45600.0,182400.0,0.0179,15
PROP0582,Mountain,House,2153,724000,144800.0,579200.0,0.0198,16
PROP0583,Mountain,House,2881,985000,197000.0,788000.0,0.0285,15
PROP0584,Mountain,House,3763,526000,105200.0,420800.0,0.0249,17
PROP0585,Countryside,Condo,1711,240000,48000.0,192000.0,0.0188,18
PROP0586,Countryside,Apartment,1384,243000,48600.0,194400.0,0.0255,16
PROP0587,Mountain,Apartment,1481,420000,84000.0,336000.0,0.0214,15
PROP0588,Countryside,Apartment,1089,343000,68600.0,274400.0,0.0226,18
PROP0589,Mountain,House,3602,740000,148000.0,592000.0,0.0161,17
PROP0590,Countryside,Apartment,1379,396000,79200.0,316800.0,0.0283,18
PROP0591,Mountain,Apartment,1379,301000,60200.0,240800.0,0.028,19
PROP0592,Countryside,Apartment,1140,313000,62600.0,250400.0,0.027,18
PROP0593,Mountain,Apartment,652,432000,86400.0,345600.0,0.0286,19
PROP0594,Mountain,Apartment,1126,567000,113400.0,453600.0,0.0281,16
PROP0595,Countryside,Apartment,1047,312000,62400.0,249600.0,0.0267,20
PROP0596,Mountain,House,3044,770000,154000.0,616000.0,0.0284,18
PROP0597,Countryside,House,2006,309000,61800.0,247200.0,0.0196,20
PROP0598,Mountain,Apartment,1252,352000,70400.0,281600.0,0.0163,20
PROP0599,Countryside,Condo,1836,227000,45400.0,181600.0,0.0205,17
PROP0600,Mountain,House,3035,953000,190600.0,762400.0,0.0172,16
PROP0601,Mountain,Apartment,1208,311000,62200.0,248800.0,0.0264,17
PROP0602,Mountain,Apartment,1039,561000,112200.0,448800.0,0.0253,18
PROP0603,Mountain,Condo,1047,310000,62000.0,248000.0,0.0261,15
PROP0604,Mountain,Condo,1519,280000,56000.0,224000.0,0.0175,17
PROP0605,Mountain,Apartment,1268,380000,76000.0,304000.0,0.0246,15
PROP0606,Mountain,House,3765,621000,124200.0,496800.0,0.0278,15
PROP0607,Countryside,Apartment,543,281000,56200.0,224800.0,0.0262,16
PROP0608,Mountain,House,3223,799000,159800.0,639200.0,0.0283,19
PROP0609,Countryside,House,2140,475000,95000.0,380000.0,0.0296,20
PROP0610,Mountain,Apartment,737,379000,75800.0,303200.0,0.0172,15
PROP0611,Countryside,House,3981,452000,90400.0,361600.0,0.0299,16
PROP0612,Mountain,House,3742,524000,104800.0,419200.0,0.0178,20
PROP0613,Countryside,Apartment,714,334000,66800.0,267200.0,0.0245,15
PROP0614,Mountain,Apartment,1457,339000,67800.0,271200.0,0.0237,19
PROP0615,Countryside,Apartment,1422,241000,48200.0,192800.0,0.0286,16
PROP0616,Countryside,House,1929,476000,95200.0,380800.0,0.0199,16
PROP0617,Mountain,House,2924,570000,114000.0,456000.0,0.0282,18
PROP0618,Countryside,Apartment,820,343000,68600.0,274400.0,0.0178,16
PROP0619,Mountain,Apartment,1022,594000,118800.0,475200.0,0.0285,16
PROP0620,Mountain,Apartment,569,377000,75400.0,301600.0,0.0221,17
PROP0621,Mountain,Apartment,882,555000,111000.0,444000.0,0.0153,16
PROP0622,Countryside,House,3215,526000,105200.0,420800.0,0.0197,20
PROP0623,Countryside,Apartment,900,294000,58800.0,235200.0,0.0226,15
PROP0624,Countryside,House,2621,383000,76600.0,306400.0,0.0218,19
PROP0625,Mountain,Apartment,937,456000,91200.0,364800.0,0.0153,17
PROP0626,Countryside,House,1836,669000,133800.0,535200.0,0.0286,16
PROP0627,Mountain,House,1599,776000,155200.0,620800.0,0.0215,19
PROP0628,Countryside,House,1764,307000,61400.0,245600.0,0.0173,17
PROP0629,Mountain,House,2254,711000,142200.0,568800.0,0.0189,15
PROP0630,Countryside,House,2881,353000,70600.0,282400.0,0.0151,15
PROP0631,Countryside,Apartment,889,314000,62800.0,251200.0,0.0289,15
PROP0632,Mountain,Apartment,1174,431000,86200.0,344800.0,0.0153,16
PROP0633,Countryside,Apartment,1202,312000,62400.0,249600.0,0.0254,18
PROP0634,Countryside,Condo,1583,175000,35000.0,140000.0,0.0268,18
PROP0635,Countryside,House,2182,321000,64200.0,256800.0,0.0261,15
PROP0636,Mountain,Apartment,1369,546000,109200.0,436800.0,0.02,18
PROP0637,Mountain,Apartment,1106,540000,108000.0,432000.0,0.0209,17
PROP0638,Countryside,House,2463,425000,85000.0,340000.0,0.0197,18
PROP0639,Countryside,Condo,971,255000,51000.0,204000.0,0.0151,18
PROP0640,Countryside,House,3630,479000,95800.0,383200.0,0.0192,17
PROP0641,Countryside,Apartment,1447,230000,46000.0,184000.0,0.022,16
PROP0642,Countryside,Apartment,879,239000,47800.0,191200.0,0.0247,16
PROP0643,Countryside,House,2239,396000,79200.0,316800.0,0.0185,17
PROP0644,Countryside,Apartment,1482,322000,64400.0,257600.0,0.0175,16
PROP0645,Countryside,Apartment,856,365000,73000.0,292000.0,0.0222,17
PROP0646,Countryside,House,3223,609000,121800.0,487200.0,0.0294,18
PROP0647,Countryside,Apartment,1058,211000,42200.0,168800.0,0.0248,17
PROP0648,Countryside,Apartment,889,274000,54800.0,219200.0,0.0188,15
PROP0649,Mountain,Condo,1822,347000,69400.0,277600.0,0.0232,19
PROP0650,Mountain,Apartment,1482,301000,60200.0,240800.0,0.0259,20
PROP0651,Countryside,Condo,1180,240000,48000.0,192000.0,0.0252,19
PROP0652,Mountain,House,2700,513000,102600.0,410400.0,0.0217,19
PROP0653,Countryside,House,2994,798000,159600.0,638400.0,0.0298,20
PROP0654,Mountain,Condo,1496,418000,83600.0,334400.0,0.0176,20
PROP0655,Countryside,Apartment,1306,330000,66000.0,264000.0,0.0292,15
PROP0656,Mountain,Apartment,911,589000,117800.0,471200.0,0.0212,15
PROP0657,Countryside,Condo,1377,194000,38800.0,155200.0,0.0286,16
PROP0658,Mountain,Apartment,1034,516000,103200.0,412800.0,0.0282,15
PROP0659,Mountain,Apartment,1266,358000,71600.0,286400.0,0.03,15
PROP0660,Countryside,House,3341,330000,66000.0,264000.0,0.0216,17
PROP0661,Mountain,Apartment,1328,547000,109400.0,437600.0,0.0238,19
PROP0662,Countryside,Condo,1949,202000,40400.0,161600.0,0.029,17
PROP0663,Mountain,Apartment,619,462000,92400.0,369600.0,0.0205,16
PROP0664,Countryside,House,3991,523000,104600.0,418400.0,0.0278,20
PROP0665,Countryside,Apartment,1347,238000,47600.0,190400.0,0.0252,16
PROP0666,Mountain,House,3435,538000,107600.0,430400.0,0.0182,20
PROP0667,Countryside,House,3757,363000,72600.0,290400.0,0.0163,15
PROP0668,Mountain,Apartment,945,541000,108200.0,432800.0,0.0156,19
PROP0669,Countryside,House,3976,365000,73000.0,292000.0,0.02,17
PROP0670,Mountain,House,1617,632000,126400.0,505600.0,0.0279,15
PROP0671,Mountain,Apartment,590,528000,105600.0,422400.0,0.0193,20
PROP0672,Mountain,Apartment,561,436000,87200.0,348800.0,0.0241,15
PROP0673,Countryside,House,2725,715000,143000.0,572000.0,0.0241,15
PROP0674,Countryside,Condo,1477,184000,36800.0,147200.0,0.0198,20
PROP0675,Mountain,Condo,1208,248000,49600.0,198400.0,0.0159,19
PROP0676,Countryside,House,3814,796000,159200.0,636800.0,0.0232,19
PROP0677,Mountain,Condo,1253,244000,48800.0,195200.0,0.0291,20
PROP0678,Mountain,Apartment,1183,357000,71400.0,285600.0,0.0238,16
PROP0679,Mountain,Condo,901,300000,60000.0,240000.0,0.0234,16
PROP0680,Countryside,Condo,1877,212000,42400.0,169600.0,0.0195,17
PROP0681,Countryside,House,2433,672000,134400.0,537600.0,0.0243,20
PROP0682,Countryside,House,1582,723000,144600.0,578400.0,0.0212,20
PROP0683,Countryside,Apartment,885,399000,79800.0,319200.0,0.0279,17
PROP0684,Mountain,Apartment,559,302000,60400.0,241600.0,0.0297,18
PROP0685,Countryside,Apartment,1157,209000,41800.0,167200.0,0.023,19
PROP0686,Countryside,Apartment,838,390000,78000.0,312000.0,0.0156,16
PROP0687,Mountain,Apartment,1340,337000,67400.0,269600.0,0.0258,18
PROP0688,Mountain,Apartment,1295,521000,104200.0,416800.0,0.0209,15
PROP0689,Countryside,Condo,1132,206000,41200.0,164800.0,0.0235,20
PROP0690,Mountain,Apartment,665,318000,63600.0,254400.0,0.0175,20
PROP0691,Mountain,Apartment,877,378000,75600.0,302400.0,0.026,17
PROP0692,Mountain,Apartment,803,402000,80400.0,321600.0,0.0296,18
PROP0693,Countryside,Condo,1864,175000,35000.0,140000.0,0.0172,19
PROP0694,Mountain,Apartment,1110,395000,79000.0,316000.0,0.0292,16
PROP0695,Mountain,House,2604,836000,167200.0,668800.0,0.0248,16
PROP0696,Countryside,Apartment,863,325000,65000.0,260000.0,0.0184,20
PROP0697,Mountain,Apartment,751,543000,108600.0,434400.0,0.0155,15
PROP0698,Countryside,Apartment,540,350000,70000.0,280000.0,0.0256,17
PROP0699,Mountain,Apartment,970,334000,66800.0,267200.0,0.0233,18
PROP0700,Mountain,Condo,1985,388000,77600.0,310400.0,0.0162,19
PROP0701,Countryside,Apartment,1189,236000,47200.0,188800.0,0.0193,17
PROP0702,Countryside,Apartment,631,269000,53800.0,215200.0,0.0215,17
PROP0703,Countryside,House,1549,795000,159000.0,636000.0,0.0252,20
PROP0704,Countryside,Apartment,1225,204000,40800.0,163200.0,0.0259,19
PROP0705,Mountain,House,3958,715000,143000.0,572000.0,0.0151,18
PROP0706,Mountain,House,2535,407000,81400.0,325600.0,0.0283,19
PROP0707,Countryside,Apartment,875,278000,55600.0,222400.0,0.021,20
PROP0708,Countryside,Condo,1016,253000,50600.0,202400.0,0.0233,16
PROP0709,Countryside,Condo,1070,209000,41800.0,167200.0,0.0213,15
PROP0710,Mountain,Apartment,1373,469000,93800.0,375200.0,0.0176,18
PROP0711,Countryside,Condo,1108,156000,31200.0,124800.0,0.0196,18
PROP0712,Mountain,Apartment,1313,568000,113600.0,454400.0,0.0246,16
PROP0713,Countryside,Apartment,1002,206000,41200.0,164800.0,0.0191,17
PROP0714,Mountain,House,1513,827000,165400.0,661600.0,0.0277,20
PROP0715,Countryside,Apartment,1287,252000,50400.0,201600.0,0.0239,15
PROP0716,Countryside,Apartment,915,380000,76000.0,304000.0,0.0219,15
PROP0717,Countryside,Condo,1014,163000,32600.0,130400.0,0.0171,18
PROP0718,Countryside,Condo,1064,180000,36000.0,144000.0,0.0226,19
PROP0719,Mountain,Condo,1560,334000,66800.0,267200.0,0.0272,18
PROP0720,Mountain,Apartment,1087,361000,72200.0,288800.0,0.0186,15
PROP0721,Mountain,Condo,1929,457000,91400.0,365600.0,0.0188,18
PROP0722,Countryside,Apartment,1192,335000,67000.0,268000.0,0.025,20
PROP0723,Mountain,House,2590,714000,142800.0,571200.0,0.0157,17
PROP0724,Mountain,Apartment,1287,590000,118000.0,472000.0,0.0169,20
PROP0725,Countryside,House,3121,318000,63600.0,254400.0,0.0168,20
PROP0726,Mountain,Apartment,1256,532000,106400.0,425600.0,0.019,16
PROP0727,Countryside,Condo,1755,266000,53200.0,212800.0,0.0285,18
PROP0728,Countryside,House,2956,767000,153400.0,613600.0,0.0268,18
PROP0729,Countryside,Apartment,1080,295000,59000.0,236000.0,0.0153,17
PROP0730,Mountain,Condo,1124,331000,66200.0,264800.0,0.0265,20
PROP0731,Countryside,Apartment,1493,368000,73600.0,294400.0,0.0167,17
PROP0732,Mountain,Apartment,520,448000,89600.0,358400.0,0.0254,20
PROP0733,Countryside,Apartment,1435,395000,79000.0,316000.0,0.0225,19
PROP0734,Mountain,Condo,1801,275000,55000.0,220000.0,0.0269,18
PROP0735,Countryside,Condo,954,167000,33400.0,133600.0,0.0185,18
PROP0736,Countryside,House,2189,455000,91000.0,364000.0,0.027,19
PROP0737,Mountain,House,1713,851000,170200.0,680800.0,0.0179,15
PROP0738,Countryside,House,2399,717000,143400.0,573600.0,0.0229,15
PROP0739,Countryside,Condo,1843,154000,30800.0,123200.0,0.0213,17
PROP0740,Mountain,House,3611,875000,175000.0,700000.0,0.0233,18
PROP0741,Mountain,Apartment,692,582000,116400.0,465600.0,0.0282,16
PROP0742,Mountain,House,3250,800000,160000.0,640000.0,0.0188,17
PROP0743,Countryside,Condo,1495,299000,59800.0,239200.0,0.0274,18
PROP0744,Mountain,House,2697,438000,87600.0,350400.0,0.0196,18
PROP0745,Mountain,Condo,898,477000,95400.0,381600.0,0.0166,19
PROP0746,Countryside,Apartment,972,340000,68000.0,272000.0,0.0184,18
PROP0747,Countryside,House,2197,676000,135200.0,540800.0,0.0172,18
PROP0748,Countryside,House,2496,320000,64000.0,256000.0,0.0218,20
PROP0749,Countryside,Condo,893,285000,57000.0,228000.0,0.0216,15
PROP0750,Mountain,Apartment,965,595000,119000.0,476000.0,0.0157,19
PROP0751,Countryside,House,3795,699000,139800.0,559200.0,0.0191,17
PROP0752,Countryside,House,1648,754000,150800.0,603200.0,0.0159,17
PROP0753,Countryside,Apartment,756,389000,77800.0,311200.0,0.0202,15
PROP0754,Mountain,Condo,1815,397000,79400.0,317600.0,0.016,18
PROP0755,Countryside,Apartment,1122,230000,46000.0,184000.0,0.0262,20
PROP0756,Countryside,House,2334,730000,146000.0,584000.0,0.0218,20
PROP0757,Mountain,Apartment,571,315000,63000.0,252000.0,0.0246,20
PROP0758,Countryside,House,1566,517000,103400.0,413600.0,0.0221,16
PROP0759,Countryside,Apartment,1400,200000,40000.0,160000.0,0.0281,19
PROP0760,Countryside,Apartment,1438,329000,65800.0,263200.0,0.0273,16
PROP0761,Countryside,House,2142,616000,123200.0,492800.0,0.0224,20
PROP0762,Mountain,Condo,966,366000,73200.0,292800.0,0.0276,17
PROP0763,Mountain,Condo,1174,295000,59000.0,236000.0,0.0278,15
PROP0764,Mountain,House,2783,472000,94400.0,377600.0,0.0209,19
PROP0765,Mountain,Condo,974,297000,59400.0,237600.0,0.0246,17
PROP0766,Mountain,Apartment,1184,444000,88800.0,355200.0,0.0204,19
PROP0767,Mountain,Condo,1457,415000,83000.0,332000.0,0.024,15
PROP0768,Mountain,Apartment,1233,588000,117600.0,470400.0,0.0192,18
PROP0769,Mountain,Condo,1781,294000,58800.0,235200.0,0.0293,16
PROP0770,Mountain,Condo,1918,274000,54800.0,219200.0,0.015,16
PROP0771,Countryside,Apartment,1050,337000,67400.0,269600.0,0.025,19
PROP0772,Countryside,House,1979,417000,83400.0,333600.0,0.0236,16
PROP0773,Countryside,House,1692,439000,87800.0,351200.0,0.02,19
PROP0774,Countryside,Apartment,770,349000,69800.0,279200.0,0.0181,16
PROP0775,Mountain,Apartment,646,378000,75600.0,302400.0,0.0185,19
PROP0776,Mountain,House,2269,692000,138400.0,553600.0,0.0179,20
PROP0777,Countryside,Condo,1741,293000,58600.0,234400.0,0.0254,20
PROP0778,Countryside,House,2647,775000,155000.0,620000.0,0.0221,18
PROP0779,Countryside,Condo,1161,278000,55600.0,222400.0,0.0275,18
PROP0780,Mountain,Condo,1534,237000,47400.0,189600.0,0.024,17
PROP0781,Mountain,Condo,1212,247000,49400.0,197600.0,0.0162,20
PROP0782,Mountain,House,2801,676000,135200.0,540800.0,0.0291,15
PROP0783,Countryside,House,1501,377000,75400.0,301600.0,0.0199,17
PROP0784,Mountain,Apartment,1154,349000,69800.0,279200.0,0.0175,19
PROP0785,Mountain,House,1743,994000,198800.0,795200.0,0.0298,15
PROP0786,Countryside,Apartment,1219,356000,71200.0,284800.0,0.0279,16
PROP0787,Countryside,Apartment,1404,260000,52000.0,208000.0,0.0231,19
PROP0788,Mountain,Apartment,598,595000,119000.0,476000.0,0.0206,16
PROP0789,Mountain,Apartment,1387,498000,99600.0,398400.0,0.0256,18
PROP0790,Countryside,Condo,1929,260000,52000.0,208000.0,0.029,19
PROP0791,Mountain,House,2678,848000,169600.0,678400.0,0.0215,19
PROP0792,Countryside,House,1655,472000,94400.0,377600.0,0.0165,16
PROP0793,Countryside,House,3450,747000,149400.0,597600.0,0.0267,15
PROP0794,Countryside,Condo,1535,175000,35000.0,140000.0,0.0294,17
PROP0795,Countryside,House,2051,779000,155800.0,623200.0,0.028,15
PROP0796,Countryside,Condo,1083,159000,31800.0,127200.0,0.0283,17
PROP0797,Countryside,Apartment,1419,238000,47600.0,190400.0,0.0245,19
PROP0798,Countryside,House,1711,523000,104600.0,418400.0,0.0155,15
PROP0799,Countryside,Condo,1940,243000,48600.0,194400.0,0.0279,17
PROP0800,Mountain,Apartment,1295,490000,98000.0,392000.0,0.0273,18
PROP0801,Countryside,Condo,875,210000,42000.0,168000.0,0.0254,19
PROP0802,Countryside,Apartment,1142,262000,52400.0,209600.0,0.0297,16
PROP0803,Mountain,House,3573,593000,118600.0,474400.0,0.0249,15
PROP0804,Countryside,Apartment,813,272000,54400.0,217600.0,0.0182,20
PROP0805,Mountain,House,3351,431000,86200.0,344800.0,0.028,18
PROP0806,Mountain,Condo,1342,219000,43800.0,175200.0,0.0214,18
PROP0807,Mountain,Apartment,718,509000,101800.0,407200.0,0.0165,16
PROP0808,Mountain,House,3761,999000,199800.0,799200.0,0.0166,16
PROP0809,Countryside,House,3408,587000,117400.0,469600.0,0.0254,20
PROP0810,Countryside,Apartment,885,386000,77200.0,308800.0,0.0275,18
PROP0811,Countryside,Apartment,1261,274000,54800.0,219200.0,0.0214,18
PROP0812,Mountain,House,2962,483000,96600.0,386400.0,0.029,20
PROP0813,Mountain,Apartment,1202,556000,111200.0,444800.0,0.0169,19
PROP0814,Countryside,Apartment,735,309000,61800.0,247200.0,0.0192,18
PROP0815,Mountain,House,1638,844000,168800.0,675200.0,0.025,18
PROP0816,Mountain,Apartment,1155,485000,97000.0,388000.0,0.0208,18
PROP0817,Countryside,Apartment,789,210000,42000.0,168000.0,0.0279,16
PROP0818,Mountain,House,3563,649000,129800.0,519200.0,0.029,18
PROP0819,Mountain,House,2969,403000,80600.0,322400.0,0.0154,16
PROP0820,Mountain,Condo,1841,488000,97600.0,390400.0,0.0184,18
PROP0821,Countryside,Apartment,628,396000,79200.0,316800.0,0.0252,15
PROP0822,Countryside,Apartment,1173,321000,64200.0,256800.0,0.0153,16
PROP0823,Countryside,Apartment,1372,399000,79800.0,319200.0,0.0243,19
PROP0824,Countryside,Apartment,1378,276000,55200.0,220800.0,0.0283,17
PROP0825,Mountain,Apartment,1156,316000,63200.0,252800.0,0.0183,17
PROP0826,Mountain,Apartment,1223,447000,89400.0,357600.0,0.0245,17
PROP0827,Countryside,House,1753,477000,95400.0,381600.0,0.0202,20
PROP0828,Mountain,House,2534,616000,123200.0,492800.0,0.0158,17
PROP0829,Mountain,House,3455,892000,178400.0,713600.0,0.0232,19
PROP0830,Countryside,House,2536,514000,102800.0,411200.0,0.023,15
PROP0831,Mountain,Apartment,1407,328000,65600.0,262400.0,0.0214,19
PROP0832,Countryside,House,3979,747000,149400.0,597600.0,0.0241,15
PROP0833,Countryside,Condo,1803,212000,42400.0,169600.0,0.0266,16
PROP0834,Mountain,House,2068,407000,81400.0,325600.0,0.0283,15
PROP0835,Mountain,House,3715,567000,113400.0,453600.0,0.0253,15
PROP0836,Countryside,Apartment,1129,389000,77800.0,311200.0,0.0206,17
PROP0837,Mountain,House,2424,420000,84000.0,336000.0,0.0198,20
PROP0838,Countryside,Apartment,1379,336000,67200.0,268800.0,0.024,15
PROP0839,Mountain,Apartment,1197,425000,85000.0,340000.0,0.0184,16
PROP0840,Mountain,House,3713,500000,100000.0,400000.0,0.0196,16
PROP0841,Countryside,Condo,1023,169000,33800.0,135200.0,0.025,20
PROP0842,Countryside,House,3527,708000,141600.0,566400.0,0.0293,16
PROP0843,Mountain,Condo,1926,369000,73800.0,295200.0,0.0296,20
PROP0844,Mountain,House,2390,420000,84000.0,336000.0,0.0178,15
PROP0845,Countryside,Apartment,696,226000,45200.0,180800.0,0.0299,20
PROP0846,Countryside,House,2729,380000,76000.0,304000.0,0.0273,15
PROP0847,Mountain,Condo,1606,222000,44400.0,177600.0,0.0287,17
PROP0848,Countryside,House,2728,349000,69800.0,279200.0,0.0241,16
PROP0849,Countryside,House,3493,593000,118600.0,474400.0,0.0221,18
PROP0850,Mountain,Condo,1984,383000,76600.0,306400.0,0.016,19
PROP0851,Countryside,Apartment,1105,362000,72400.0,289600.0,0.0164,18
PROP0852,Countryside,Apartment,1136,311000,62200.0,248800.0,0.0298,15
PROP0853,Countryside,House,3653,448000,89600.0,358400.0,0.029,17
PROP0854,Countryside,Apartment,673,346000,69200.0,276800.0,0.0219,19
PROP0855,Mountain,Apartment,1030,459000,91800.0,367200.0,0.0238,17
PROP0856,Mountain,Condo,1920,298000,59600.0,238400.0,0.0254,19
PROP0857,Countryside,Apartment,1265,363000,72600.0,290400.0,0.0226,17
PROP0858,Countryside,House,3540,435000,87000.0,348000.0,0.0219,15
PROP0859,Countryside,House,3778,677000,135400.0,541600.0,0.0279,15
PROP0860,Mountain,Apartment,549,458000,91600.0,366400.0,0.0263,18
PROP0861,Countryside,Condo,1535,206000,41200.0,164800.0,0.0242,19
PROP0862,Mountain,Condo,1987,298000,59600.0,238400.0,0.0182,20
PROP0863,Mountain,Apartment,1236,561000,112200.0,448800.0,0.0275,17
PROP0864,Mountain,House,1988,612000,122400.0,489600.0,0.0229,17
PROP0865,Mountain,Apartment,1169,418000,83600.0,334400.0,0.0174,19
PROP0866,Countryside,Apartment,1482,330000,66000.0,264000.0,0.0262,17
PROP0867,Mountain,House,3258,984000,196800.0,787200.0,0.0252,20
PROP0868,Countryside,House,1596,754000,150800.0,603200.0,0.0233,18
PROP0869,Mountain,House,3424,928000,185600.0,742400.0,0.0173,19
PROP0870,Mountain,House,3580,653000,130600.0,522400.0,0.0177,15
PROP0871,Countryside,Condo,1807,157000,31400.0,125600.0,0.0278,20
PROP0872,Mountain,Apartment,676,526000,105200.0,420800.0,0.0281,17
PROP0873,Mountain,House,3548,926000,185200.0,740800.0,0.0287,19
PROP0874,Mountain,Apartment,653,525000,105000.0,420000.0,0.0248,19
PROP0875,Mountain,Apartment,652,375000,75000.0,300000.0,0.0177,16
PROP0876,Countryside,Condo,1332,259000,51800.0,207200.0,0.023,15
PROP0877,Mountain,House,1977,424000,84800.0,339200.0,0.0216,19
PROP0878,Mountain,House,3612,882000,176400.0,705600.0,0.0296,20
PROP0879,Mountain,Condo,1399,366000,73200.0,292800.0,0.0244,15
PROP0880,Countryside,Condo,1066,261000,52200.0,208800.0,0.0289,16
PROP0881,Countryside,Apartment,762,372000,74400.0,297600.0,0.0291,15
PROP0882,Countryside,House,3015,499000,99800.0,399200.0,0.019,18
PROP0883,Mountain,House,2221,484000,96800.0,387200.0,0.029,17
PROP0884,Countryside,House,2308,527000,105400.0,421600.0,0.0188,20
PROP0885,Mountain,Apartment,801,481000,96200.0,384800.0,0.02,15
PROP0886,Countryside,Apartment,811,344000,68800.0,275200.0,0.0198,16
PROP0887,Countryside,House,3819,579000,115800.0,463200.0,0.0288,19
PROP0888,Countryside,Condo,1507,176000,35200.0,140800.0,0.0258,18
PROP0889,Countryside,House,2044,532000,106400.0,425600.0,0.0252,19
PROP0890,Countryside,Apartment,1232,309000,61800.0,247200.0,0.0239,15
PROP0891,Countryside,Condo,1542,256000,51200.0,204800.0,0.0286,20
PROP0892,Countryside,Apartment,1082,349000,69800.0,279200.0,0.0299,18
PROP0893,Countryside,Condo,1448,280000,56000.0,224000.0,0.0157,15
PROP0894,Countryside,House,2969,514000,102800.0,411200.0,0.016,19
PROP0895,Countryside,Condo,1227,211000,42200.0,168800.0,0.017,18
PROP0896,Countryside,House,1696,566000,113200.0,452800.0,0.0233,15
PROP0897,Mountain,Apartment,1438,569000,113800.0,455200.0,0.0221,15
PROP0898,Mountain,Apartment,681,542000,108400.0,433600.0,0.0194,20
PROP0899,Countryside,House,3756,644000,128800.0,515200.0,0.023,16
PROP0900,Mountain,House,2021,986000,197200.0,788800.0,0.0174,18
PROP0901,Mountain,Apartment,993,505000,101000.0,404000.0,0.0293,16
PROP0902,Countryside,Apartment,944,212000,42400.0,169600.0,0.0268,18
PROP0903,Mountain,House,1847,904000,180800.0,723200.0,0.0255,17
PROP0904,Countryside,House,2168,326000,65200.0,260800.0,0.0185,20
PROP0905,Mountain,House,3747,847000,169400.0,677600.0,0.0286,16
PROP0906,Mountain,Condo,1955,394000,78800.0,315200.0,0.027,20
PROP0907,Countryside,Apartment,813,217000,43400.0,173600.0,0.0163,19
PROP0908,Countryside,Condo,1326,271000,54200.0,216800.0,0.0173,15
PROP0909,Mountain,Condo,1404,368000,73600.0,294400.0,0.0277,19
PROP0910,Mountain,Apartment,1209,489000,97800.0,391200.0,0.0218,17
PROP0911,Mountain,House,1998,509000,101800.0,407200.0,0.0293,20
PROP0912,Countryside,Apartment,1185,336000,67200.0,268800.0,0.0247,17
PROP0913,Mountain,Apartment,1186,572000,114400.0,457600.0,0.022,17
PROP0914,Mountain,House,2059,874000,174800.0,699200.0,0.0238,20
PROP0915,Mountain,Apartment,1476,517000,103400.0,413600.0,0.0284,19
PROP0916,Countryside,Condo,1788,283000,56600.0,226400.0,0.0286,19
PROP0917,Mountain,Apartment,585,317000,63400.0,253600.0,0.0207,15
PROP0918,Mountain,Apartment,1417,470000,94000.0,376000.0,0.0151,20
PROP0919,Countryside,Apartment,541,283000,56600.0,226400.0,0.0291,18
PROP0920,Mountain,House,1815,440000,88000.0,352000.0,0.0208,16
PROP0921,Mountain,Condo,1543,403000,80600.0,322400.0,0.0161,20
PROP0922,Countryside,Apartment,1228,306000,61200.0,244800.0,0.025,17
PROP0923,Countryside,House,2897,659000,131800.0,527200.0,0.023,16
PROP0924,Mountain,Apartment,1491,317000,63400.0,253600.0,0.027,16
PROP0925,Mountain,Condo,887,418000,83600.0,334400.0,0.0163,15
PROP0926,Countryside,Condo,1273,199000,39800.0,159200.0,0.0204,15
PROP0927,Mountain,House,3860,861000,172200.0,688800.0,0.0205,16
PROP0928,Mountain,Condo,1169,441000,88200.0,352800.0,0.0261,16
PROP0929,Countryside,House,1919,757000,151400.0,605600.0,0.0242,16
PROP0930,Mountain,House,1600,620000,124000.0,496000.0,0.0234,15
PROP0931,Mountain,Apartment,1098,458000,91600.0,366400.0,0.025,20
PROP0932,Mountain,Apartment,1040,346000,69200.0,276800.0,0.0265,18
PROP0933,Countryside,House,2051,498000,99600.0,398400.0,0.0283,18
PROP0934,Mountain,House,3765,607000,121400.0,485600.0,0.0234,16
PROP0935,Countryside,Apartment,592,246000,49200.0,196800.0,0.025,16
PROP0936,Countryside,House,3221,549000,109800.0,439200.0,0.0205,17
PROP0937,Countryside,Condo,1317,270000,54000.0,216000.0,0.0237,19
PROP0938,Countryside,House,3556,672000,134400.0,537600.0,0.0179,18
PROP0939,Mountain,Apartment,1452,533000,106600.0,426400.0,0.0272,17
PROP0940,Mountain,House,3328,570000,114000.0,456000.0,0.022,16
PROP0941,Countryside,Apartment,601,292000,58400.0,233600.0,0.0274,16
PROP0942,Countryside,Apartment,1331,208000,41600.0,166400.0,0.0227,19
PROP0943,Countryside,Condo,1817,255000,51000.0,204000.0,0.0264,16
PROP0944,Countryside,Apartment,529,307000,61400.0,245600.0,0.0239,20
PROP0945,Countryside,House,3225,792000,158400.0,633600.0,0.0196,19
PROP0946,Mountain,House,2330,495000,99000.0,396000.0,0.02,18
PROP0947,Countryside,House,2861,723000,144600.0,578400.0,0.0184,19
PROP0948,Countryside,House,3221,417000,83400.0,333600.0,0.0172,20
PROP0949,Mountain,Apartment,1074,406000,81200.0,324800.0,0.0155,18
PROP0950,Mountain,Apartment,1251,354000,70800.0,283200.0,0.0259,18
PROP0951,Mountain,Condo,1913,201000,40200.0,160800.0,0.0245,19
PROP0952,Mountain,Condo,1906,479000,95800.0,383200.0,0.0182,17
PROP0953,Mountain,House,1727,860000,172000.0,688000.0,0.0228,20
PROP0954,Countryside,Condo,1171,221000,44200.0,176800.0,0.0216,18
PROP0955,Countryside,House,2097,456000,91200.0,364800.0,0.0265,15
PROP0956,Mountain,Apartment,1014,508000,101600.0,406400.0,0.0258,20
PROP0957,Mountain,House,2631,719000,143800.0,575200.0,0.0272,19
PROP0958,Countryside,House,2970,644000,128800.0,515200.0,0.0159,17
PROP0959,Mountain,Condo,1295,490000,98000.0,392000.0,0.0191,18
PROP0960,Mountain,Apartment,1058,393000,78600.0,314400.0,0.0167,16
PROP0961,Countryside,Apartment,1489,209000,41800.0,167200.0,0.0159,17
PROP0962,Countryside,Condo,1426,152000,30400.0,121600.0,0.0287,18
PROP0963,Mountain,Apartment,1192,301000,60200.0,240800.0,0.0173,15
PROP0964,Mountain,House,3558,752000,150400.0,601600.0,0.0152,16
PROP0965,Mountain,House,3871,525000,105000.0,420000.0,0.0218,15
PROP0966,Mountain,House,3319,984000,196800.0,787200.0,0.0166,17
PROP0967,Countryside,House,2390,678000,135600.0,542400.0,0.0177,17
PROP0968,Countryside,Apartment,858,390000,78000.0,312000.0,0.0209,18
PROP0969,Mountain,Apartment,1082,509000,101800.0,407200.0,0.0221,19
PROP0970,Countryside,House,2543,450000,90000.0,360000.0,0.0234,19
PROP0971,Mountain,Apartment,739,599000,119800.0,479200.0,0.0257,16
PROP0972,Countryside,House,2615,393000,78600.0,314400.0,0.0213,16
PROP0973,Mountain,House,2004,707000,141400.0,565600.0,0.0187,16
PROP0974,Countryside,Apartment,1412,216000,43200.0,172800.0,0.0214,16
PROP0975,Mountain,House,2654,773000,154600.0,618400.0,0.0229,18
PROP0976,Countryside,House,3924,591000,118200.0,472800.0,0.0245,20
PROP0977,Mountain,Apartment,506,425000,85000.0,340000.0,0.0285,20
PROP0978,Countryside,Apartment,1143,392000,78400.0,313600.0,0.0291,15
PROP0979,Countryside,Apartment,714,363000,72600.0,290400.0,0.0273,18
PROP0980,Countryside,Condo,1564,196000,39200.0,156800.0,0.0207,15
PROP0981,Countryside,Apartment,880,264000,52800.0,211200.0,0.0211,15
PROP0982,Mountain,House,3186,654000,130800.0,523200.0,0.0286,15
PROP0983,Mountain,Apartment,1130,347000,69400.0,277600.0,0.0161,17
PROP0984,Mountain,Apartment,1273,559000,111800.0,447200.0,0.0219,20
PROP0985,Mountain,Apartment,1153,371000,74200.0,296800.0,0.0249,15
PROP0986,Mountain,Condo,1853,249000,49800.0,199200.0,0.0253,15
PROP0987,Mountain,Apartment,1047,363000,72600.0,290400.0,0.029,17
PROP0988,Countryside,House,3560,790000,158000.0,632000.0,0.0267,18
PROP0989,Mountain,House,3760,505000,101000.0,404000.0,0.0214,15
PROP0990,Countryside,Apartment,1460,266000,53200.0,212800.0,0.018,15
PROP0991,Countryside,House,2271,376000,75200.0,300800.0,0.0286,19
PROP0992,Countryside,House,2235,345000,69000.0,276000.0,0.0193,15
PROP0993,Mountain,Apartment,1224,390000,78000.0,312000.0,0.0205,17
PROP0994,Countryside,Condo,1058,187000,37400.0,149600.0,0.0269,15
PROP0995,Mountain,House,2879,477000,95400.0,381600.0,0.0157,17
PROP0996,Mountain,House,1618,720000,144000.0,576000.0,0.0263,15
PROP0997,Mountain,Apartment,658,552000,110400.0,441600.0,0.0299,15
PROP0998,Mountain,House,3113,472000,94400.0,377600.0,0.023,19
PROP0999,Countryside,Apartment,1391,342000,68400.0,273600.0,0.0179,18
PROP1000,Mountain,House,3012,736000,147200.0,588800.0,0.0211,20
